count,bids_m,asks_m,rate_of_change,bids_vol_diff,asks_vol_diff
2,-11.123,5.379,-23.188374680557526,"[-2, 2, -3, 2, 1, -1, 4, 0, -1, 0]","[-2, 2, 2, 0, 4, -3, -3, -3, 3, 1]"
3,-2.523,4.995,-37.92921344304053,"[-2, 0, 2, -1, 3, -1, -1, 0, 2, 5]","[4, -2, 2, 1, 1, -1, 3, -1, -1, 0]"
4,2.085,-3.494,-19.349293868640807,"[4, 1, 1, 3, 0, 2, -3, -3, 0, -2]","[-3, 2, -5, -1, -2, 3, -3, 4, -4, -1]"
5,1.438,-3.48,29.786796667839393,"[-3, 0, 0, 1, -4, 0, 3, 4, 2, 2]","[0, -2, 1, 3, -1, -3, 1, -5, 5, 2]"
6,4.897,-7.086,10.152188773845385,"[1, -4, 1, -2, 0, -4, -3, 0, -2, 0]","[4, -2, 1, 1, -1, 2, 1, 3, -4, 1]"
7,5.139,-8.853,-2.809818841913856,"[-2, 2, -1, 0, 4, 2, 4, -2, 3, -1]","[0, -1, 1, -3, 0, -1, -2, 1, 3, -5]"
8,2.743,-3.592,12.670980858836794,"[1, 3, -2, 1, -4, 2, 1, 1, -2, -2]","[-4, 3, 1, 0, 0, 4, 5, -2, -1, 4]"
9,2.016,5.706,34.55963210644749,"[2, -5, -2, -3, 1, -4, -2, -3, -1, 0]","[-1, 0, -2, 1, -1, -5, 0, 0, 2, -3]"
10,1.872,3.802,4.595511203977634,"[-4, 4, 2, 4, 3, 3, -3, 3, -1, 0]","[3, 2, -2, -1, 3, 1, -5, 0, 0, -1]"
11,1.911,2.716,-11.226462051254686,"[0, -1, 2, -5, -3, 0, 1, 2, 1, 2]","[1, -2, 0, 4, 2, 0, 4, -2, -3, 1]"
12,0.855,3.551,27.66859473017457,"[0, -3, -3, 0, 0, 1, 2, -3, 1, -4]","[-1, 0, 5, -2, -1, 1, -3, 4, -1, 0]"
13,0.738,2.005,8.127299680011275,"[3, 0, 2, 3, 2, -3, -2, 0, 1, 3]","[1, -1, 0, -1, -4, -2, 3, 0, -1, 0]"
14,0.733,-0.641,41.45523024838808,"[2, 4, -3, 0, -4, 0, 4, 1, -2, -3]","[-2, 1, 0, 2, 4, 4, -3, -2, 5, 3]"
15,2.026,-0.602,0.742298253398128,"[-1, 0, 1, 0, 2, -1, -5, 0, 2, 0]","[2, -3, -3, 1, -1, 1, 0, 1, -5, -4]"
16,1.105,-0.014,28.132011660037954,"[1, -1, 1, -2, -2, 3, 2, -3, 1, 4]","[-4, 4, 3, -5, -2, -5, 1, 1, 4, 5]"
17,-6.194,3.81,-11.09485482986307,"[-3, -1, -2, 0, 0, 2, -2, 5, -4, 1]","[4, 1, 0, 4, 1, 4, 3, -3, -2, -5]"
18,-5.81,13.064,55.13877617701297,"[2, 2, 1, 4, 4, -3, 5, -3, 4, -1]","[1, 0, -4, -4, 1, 0, -3, 0, 3, 2]"
19,-5.324,-2.346,-14.176735661743143,"[-4, 0, 2, -3, -1, -2, 0, -2, -5, 1]","[-2, -1, 3, 5, 0, -4, -2, 4, -1, -2]"
20,-5.204,-3.595,-8.851348683967487,"[4, -4, 1, -1, -1, 0, 0, 1, 1, -5]","[2, -1, -3, -3, -2, 4, 3, -2, 0, 0]"
21,-6.25,-3.654,35.70125724973888,"[1, 2, -4, 0, -2, 2, 0, -1, 4, 4]","[-2, -1, 3, 1, 3, -2, 1, 1, -4, 2]"
22,-3.5,-4.104,36.553144400613256,"[-5, -2, 2, 0, 0, 0, -2, 2, -5, -3]","[-2, 1, -2, -3, -4, -1, -1, -4, 2, -2]"
23,-1.647,-2.961,16.290972810191114,"[2, 4, 1, 1, 1, 3, -3, 3, 0, -1]","[2, -1, 0, 0, 3, 1, -2, 5, 1, 1]"
24,2.622,-2.193,32.784049232843984,"[-2, 0, 2, 1, 0, -3, 0, -5, 4, 0]","[-2, 1, -1, 0, 0, 1, 3, 0, -3, 0]"
25,3.394,-1.216,-15.781845549616293,"[0, 1, -3, 0, 0, 2, 2, 1, -4, 3]","[2, 1, 0, 2, -3, -1, 1, 0, 4, 0]"
26,0.252,5.588,2.619877031110284,"[0, -1, -1, 1, 0, -4, 0, 0, 2, -1]","[2, 1, 2, 1, 3, 0, -3, -4, -2, 2]"
27,1.294,2.702,18.736697983602582,"[0, -4, 2, -2, 2, 2, 2, 3, -1, -1]","[0, 0, -3, 0, -2, -2, 1, 3, 1, -1]"
28,1.01,-1.347,29.25678877744155,"[1, 2, 2, 2, 1, 1, 0, -1, 4, -1]","[-4, 0, 5, -1, 4, 3, 2, -1, 1, -2]"
29,2.034,-1.558,-55.12258799983984,"[0, 3, -1, 0, -4, -1, 0, 2, -2, 4]","[1, -3, -4, 3, -2, -3, 0, 1, -3, 5]"
30,0.473,1.262,31.48844919002982,"[3, -1, -2, 0, 1, 2, -4, 0, -3, -2]","[2, -1, 1, -2, 0, 3, 0, -3, 4, -5]"
31,-0.796,2.1,-55.57409898029936,"[-4, 0, -1, -1, 1, -3, 0, -5, 0, -2]","[1, 1, 2, -3, 1, -2, -3, 2, 0, 1]"
32,-0.047,2.102,11.278841516979519,"[2, -3, -1, -3, -1, 0, 4, 2, 5, 2]","[-4, -1, 1, 4, -3, 3, 1, -2, 0, 2]"
33,2.624,0.275,-14.168693833339656,"[1, 4, 5, 3, 4, 0, 0, 0, 0, 0]","[2, 3, -3, -4, 0, -4, 1, 0, -1, -1]"
34,3.123,3.666,35.41109758188858,"[-1, 0, -5, -3, 0, 3, -4, -1, -5, 2]","[1, -4, 0, 4, 3, 1, -4, 1, -4, -1]"
35,7.532,-3.354,17.998579876899456,"[3, -4, 5, 3, -4, -1, 4, 1, 2, -4]","[0, 1, -2, 1, -4, -1, 5, 3, 2, 3]"
36,3.392,-2.886,58.76691733346362,"[-3, -1, -4, 1, 4, 0, -2, -2, -2, 5]","[1, -1, 5, -5, 4, 3, -1, 0, 3, -1]"
37,0.917,-4.064,18.248670850098847,"[0, 2, -1, -3, -4, 0, 2, 4, 2, 0]","[-1, 4, -3, 0, -2, -1, -1, -3, -4, -2]"
38,2.858,-3.164,-18.747569206964897,"[1, 0, 4, 2, 1, -1, 0, -1, 2, -4]","[1, -3, 1, 1, -1, 3, -3, 2, 1, 1]"
39,1.061,-2.875,-7.989281495588332,"[-1, 2, -1, -2, 1, -2, 0, -1, -4, 0]","[-3, 0, -3, 0, 3, -3, 4, -4, 0, 0]"
40,0.187,-2.665,20.639311945016416,"[2, -3, 2, -1, 2, 1, -1, 2, 0, 1]","[-2, 3, 2, 2, -4, 2, -1, 3, 0, -1]"
41,-0.049,-0.522,-24.551907661912793,"[-3, 1, -1, 3, -5, 3, -3, -3, 3, -1]","[5, -1, 3, 2, 0, -4, -3, -1, 2, 2]"
42,-0.338,2.728,83.81986582806196,"[0, 3, 1, 2, 4, -2, 4, 1, -3, 0]","[0, 2, -3, -3, 5, 2, 1, 3, -3, -2]"
43,0.972,0.361,18.92718327076524,"[3, -5, -1, -2, -1, -1, 0, 0, 3, 3]","[-2, -2, 1, 3, -3, -1, -1, -1, 0, 2]"
44,-0.011,7.258,124.57239488183967,"[0, 5, -2, 1, -1, 3, -4, -1, 1, 1]","[-3, 0, 0, -5, -1, -1, 4, -2, -1, 2]"
45,3.925,3.776,20.42279773037173,"[1, -2, 1, 1, 3, 0, 2, 4, -4, -4]","[4, -3, 0, 5, 2, 5, 0, -2, 5, -1]"
46,8.523,4.468,-55.59318817049697,"[-4, 1, 0, -2, -5, -4, -2, 0, 3, 1]","[-3, 1, 0, -5, 0, -5, -1, 2, -3, -2]"
47,7.198,3.07,-55.36142592258322,"[4, -2, -2, -2, 1, 4, 1, -5, -1, -1]","[0, 4, -3, 1, -3, 0, -1, -2, 2, 2]"
48,3.544,-0.676,-20.54538204061057,"[-1, 2, -1, 0, 2, -4, 0, 2, 1, 2]","[4, 0, 0, 3, 4, 5, -2, 1, -1, 1]"
49,0.745,0.581,24.908077015346112,"[-2, -3, 3, 3, 0, 1, 0, -1, 0, -2]","[-3, -4, 0, 1, 0, -4, 2, -1, 1, -1]"
50,2.215,-1.862,1.2929581720246008,"[1, 4, 0, -1, 2, -1, 3, 3, -3, -1]","[1, 3, 5, -4, 1, -1, 0, 3, -2, -2]"
51,2.766,-2.446,19.228868964642317,"[1, 0, -3, -2, -1, 3, 0, 1, 1, 3]","[-1, -4, -1, -1, -3, 5, 3, 0, 3, 3]"
52,4.776,-3.652,-43.507515186293546,"[-2, -1, 3, 1, -4, -1, -2, -2, 2, -2]","[1, 0, 0, 0, 3, -1, 0, 0, -4, -5]"
53,6.709,-4.509,38.46487334513794,"[2, -3, 0, 2, 3, 0, 3, -3, -1, 4]","[1, 5, -3, 4, -1, -2, -4, -1, 2, 0]"
54,4.556,-4.984,-8.45359381638998,"[0, 3, 1, 1, -2, -1, -5, 1, -2, 0]","[-2, -4, 3, -2, -2, 2, -1, 0, 1, 5]"
55,3.224,-0.31,-3.1849864795241154,"[-2, 1, 0, 0, 2, 3, 5, 4, 2, 0]","[3, 4, 0, 1, 1, 0, 2, -2, -2, -3]"
56,2.206,-0.587,-13.091859778376412,"[0, 0, -1, -5, -1, -3, 0, -4, 1, 0]","[-4, -4, -4, -2, 0, 0, -1, 0, -1, 1]"
57,0.552,-0.352,-1.3947820296909264,"[2, 0, -3, 2, 1, 1, -4, 1, 0, -2]","[3, 4, 4, 3, 1, -4, -1, 0, 4, -3]"
58,-0.965,0.302,-11.417790585312732,"[-2, -2, 5, -1, 1, 3, 3, 3, -3, 0]","[1, 0, -4, 0, -2, 1, 3, 2, 0, 4]"
59,-1.741,1.207,-10.395176583920529,"[2, -2, -4, 3, -1, -3, -3, -4, 2, 1]","[-1, -2, 4, -4, 0, 4, 0, 3, -4, -1]"
60,-1.619,2.385,-4.097281078797192,"[-3, 1, 1, 0, -2, 0, 2, 4, 0, -1]","[0, 0, -2, 4, 0, -2, -2, -2, -1, 2]"
61,-0.461,1.611,-33.21024922962982,"[3, 3, 2, 1, 2, 3, -3, 0, -2, 2]","[0, 0, -2, 0, 3, 1, 2, 2, 5, -4]"
62,0.009,5.576,0.9427201744691106,"[-3, -2, -2, 0, -1, -2, 2, -1, 3, -2]","[0, -2, 5, -1, -4, 0, 0, -2, 0, 1]"
63,-1.84,1.717,-32.21976662366377,"[1, -2, 1, -1, 1, 2, -1, 0, -1, -2]","[-1, -1, -4, 1, 0, -2, 2, 0, -3, -1]"
64,-1.502,1.427,-82.01196611741159,"[1, 0, 0, -2, 0, -2, 0, -3, -2, -1]","[-2, 4, 3, -3, 1, 2, -5, 1, 1, 3]"
65,-2.458,2.13,0.4909476337263454,"[2, 2, 1, 3, -3, -2, 4, 2, 5, 0]","[2, -1, -4, 0, 2, 0, 2, -3, 2, -1]"
66,-1.052,2.356,-48.36276497980174,"[0, 0, -2, -1, 1, -1, -2, 0, -3, 3]","[2, -2, 1, 3, -2, 0, -2, 3, -5, -1]"
67,-0.279,1.394,-19.36086189228291,"[-2, 2, 2, -3, 2, 0, -2, -2, 1, 0]","[-5, 3, 3, -4, 1, 0, 1, 0, 0, 2]"
68,6.262,0.149,-15.899785089336262,"[1, -2, -3, 0, -2, 3, -1, 2, -3, -3]","[2, -4, 0, 4, 1, -2, 3, -1, 4, -1]"
69,3.968,0.935,39.28649240593529,"[-4, 2, 0, 4, 1, 1, 4, 1, 4, 3]","[0, 0, 0, 0, -4, -2, -3, -3, 0, 0]"
70,41.628,-0.984,26.62402521723574,"[4, -1, 0, -1, -2, -4, 0, -4, 0, -1]","[0, 3, -3, 1, 0, 0, 4, 4, 1, 1]"
71,6.753,-2.829,-6.424039620508586,"[-2, -1, -1, -3, 0, 1, -4, 1, -1, 2]","[-1, 2, 0, -3, 1, 4, -4, 1, -3, -3]"
72,3.095,-9.595,-30.426586481344266,"[3, 1, 3, 3, 3, 4, 0, 3, 1, -1]","[4, 0, 3, 1, 4, -1, 3, 0, 1, -1]"
73,2.347,-6.14,-30.66714382858212,"[-1, -2, -3, -3, -2, -4, 5, 1, -2, 2]","[-1, -5, -3, 0, -5, -1, -3, -2, 2, 0]"
74,-4.809,-3.511,0.6848536504170275,"[1, 0, 1, 0, 2, -1, -4, -5, -2, -2]","[-3, 4, 1, -2, 1, 3, -1, -2, -3, 1]"
75,0.776,-1.035,42.598443092004615,"[-4, 3, 3, 1, -1, 4, 4, 4, 0, -2]","[4, 1, 1, -1, 0, -4, 4, 3, 1, 2]"
76,-1.059,-0.882,10.029368899169134,"[1, -5, -3, -2, 1, -3, -2, -2, 5, 2]","[-2, -3, 1, 4, 0, -1, -2, 1, -2, -1]"
77,-0.454,-1.19,-51.1120743690325,"[2, 2, 1, 4, 2, 3, -1, 3, -4, 2]","[1, 0, -4, -2, 2, 5, 2, -5, 2, 0]"
78,-1.782,-2.093,49.244010046107825,"[1, 2, 0, -3, -2, -2, -2, -5, 4, 0]","[1, -2, 1, 1, 2, -3, 1, 5, -2, 2]"
79,-3.015,1.129,-41.915914790438734,"[-2, 0, 1, 3, -3, 2, 0, 0, -3, -2]","[0, 5, 2, -2, -4, 3, -2, -4, -1, 0]"
80,-7.487,-0.71,-18.81950004257832,"[1, -4, 2, -4, 5, 0, 1, 4, 3, 1]","[-2, -2, 2, 1, 3, -2, -1, 2, 5, 0]"
81,-1.837,-1.928,6.167082418282491,"[0, 1, -1, 2, -1, -4, 3, 0, -5, -3]","[-2, -3, -3, -2, -1, -3, 3, -1, 0, -4]"
82,4.605,-2.698,-58.8864083069272,"[-1, 1, -2, 2, 1, 5, 1, -2, 1, -1]","[3, 0, -2, 4, 0, 3, -5, -1, -5, 4]"
83,9.009,-2.189,-64.92286695263627,"[0, 1, 2, 1, -3, -4, -1, -1, 1, 2]","[0, 2, 4, -1, 2, -3, 1, -1, 3, -2]"
84,4.467,0.779,9.407213679401043,"[0, -3, -3, 0, 2, 4, -2, -1, 1, -2]","[1, -1, 1, 1, -3, 3, 3, 4, -1, -2]"
85,2.064,0.008,-10.296664682488782,"[2, 3, 1, 0, 1, -1, -1, 1, 1, 5]","[-5, 1, -4, 0, 3, 2, -2, 0, -1, 4]"
86,3.336,0.439,-39.756440282935465,"[-1, 1, 2, -4, 0, -3, 3, 0, -1, -1]","[1, 3, 1, -4, -5, -3, 0, 1, 0, -1]"
87,1.391,-1.16,39.11841073680213,"[-4, 1, -1, 3, -3, 3, 1, 2, -3, 1]","[0, -4, 0, 1, 0, -2, -2, -3, 3, 2]"
88,-3.225,-0.792,-33.071900890157245,"[1, -1, -2, 0, -1, -1, -3, 0, 0, -5]","[4, -1, -2, 3, 2, 4, 2, 1, -1, -5]"
89,-5.426,-0.939,-53.053454140272535,"[4, -4, 4, -4, 1, -3, 0, 1, 2, 0]","[-3, 3, 0, -1, 3, -4, -1, -3, -2, 4]"
90,3.824,0.589,-22.14117501179366,"[-2, 5, 0, 0, 0, 1, 2, 0, 3, 1]","[0, 2, 3, 1, 0, 2, 1, 1, 0, -3]"
91,-1.749,-0.863,-21.144503030215123,"[0, -2, -5, 4, 0, 0, 1, -4, 0, 1]","[-1, -5, -3, -3, -2, 0, -1, 4, 0, 4]"
92,-5.477,-3.304,-5.093684023648128,"[-3, 2, 1, 1, 3, 2, -1, 2, -4, 2]","[4, 3, 5, 0, 1, 1, 2, 0, 1, -1]"
93,-6.363,-7.671,44.44076170637207,"[5, -2, 4, -5, -4, -3, -1, 2, 2, -2]","[-4, -2, -3, 2, -2, -3, 1, -3, 1, 0]"
94,-5.821,-9.183,-11.497825058936813,"[-5, -1, -4, 0, 3, 5, -1, 1, 0, -1]","[3, 2, -2, 2, -1, 2, 1, -2, -3, 1]"
95,1.008,2.065,-10.939005892155416,"[2, -1, 3, 3, -2, 0, 2, -4, -3, 0]","[1, -3, 0, -3, 4, 3, 0, 3, 5, -4]"
96,0.126,1.534,-33.69205021035025,"[3, 0, -4, 0, 0, -1, 0, 3, 2, 4]","[-5, 5, 3, 0, -2, -4, 0, 1, -4, 3]"
97,2.23,2.458,-5.5504388371964,"[-2, -1, 0, -1, 1, -3, -3, 1, -2, -2]","[1, -1, 1, 1, -3, 1, -5, 1, -1, -1]"
98,-1.492,-3.108,-38.47902955884207,"[-1, 2, 0, 2, -3, 4, 4, -1, 4, -1]","[4, -1, -3, 1, 3, 3, 3, 0, 3, -3]"
99,-0.116,0.602,2.1712703696193434,"[-2, -2, 1, -2, 4, -3, -4, -1, -2, 2]","[-1, -1, 3, 1, -3, 0, 1, -2, 0, 0]"
100,-2.241,0.314,13.922951012594673,"[0, 4, -1, 3, -3, 3, 4, -1, 0, 1]","[-3, -1, -1, -2, 4, -1, -3, 2, -3, 0]"
101,-2.36,1.302,-29.382476564702873,"[5, 1, 5, -4, 3, -3, -3, -2, -2, -4]","[3, -1, -3, -3, -2, 1, -1, -1, 2, 5]"
102,-1.34,-7.646,-11.718028715523989,"[-1, 0, -2, 4, -2, 2, 3, 3, 0, 4]","[-2, 4, 3, 5, 1, -4, 2, 1, 1, -5]"
103,-0.353,-8.118,-3.0244314914342807,"[-4, 0, -3, -2, 3, 0, -1, -3, 0, -4]","[2, 0, -3, -4, 0, 1, -2, 0, -1, 5]"
104,2.392,-31.954,-17.141087624822756,"[3, -4, 0, -1, -5, -3, 0, 1, 4, 2]","[-3, 0, 3, -1, 0, -2, 4, -3, -1, 0]"
105,4.619,1.847,-5.961132762168969,"[2, 4, 2, 0, 3, 3, 1, 1, -1, 0]","[2, -3, -3, 4, 2, 5, -1, -2, 0, -4]"
106,11.733,2.517,-42.651535268750024,"[-1, -2, -2, 0, 0, 0, -4, 0, -2, 0]","[-1, -1, 0, -3, -3, -4, -3, 3, 1, 4]"
107,5.284,3.562,-13.325576636459825,"[1, 2, 5, -2, 2, -2, 4, 1, 2, -1]","[1, 2, 3, 2, -2, 0, 1, -1, 3, -4]"
108,1.897,5.306,-18.581313827009442,"[-4, -1, -4, 3, -2, -2, -1, 2, 0, -1]","[0, -1, 0, 2, 1, 2, 3, 3, -5, 3]"
109,0.754,8.224,-50.797476456153106,"[1, -4, 0, 0, 0, 4, -4, -5, 0, 3]","[2, -1, 1, -3, 3, -2, -4, -3, 2, -3]"
110,1.965,6.456,25.65975312341322,"[0, 5, 3, -2, -3, -4, 0, 1, 1, 1]","[-5, 0, -1, 3, 0, 1, 5, 1, 2, 0]"
111,0.779,2.462,27.595032610304806,"[-1, -2, -4, 0, 3, 5, 0, 4, -4, -1]","[1, 4, -1, -2, -4, -2, -4, -3, 0, 3]"
112,1.753,1.001,1.6595159595690971,"[0, 1, 1, 1, 2, -2, 2, -3, 2, -2]","[-1, -4, 3, -3, 4, 1, 3, 5, -1, -2]"
113,2.17,1.247,-37.273927168013785,"[0, -4, 4, -2, -1, 2, 0, 2, 1, -2]","[5, 4, -5, 3, -4, 4, -3, -4, 2, -2]"
114,2.719,-0.171,113.33733449165155,"[2, 4, -2, 3, -3, -1, 3, 1, -3, 1]","[-1, 1, 1, -3, 0, 0, 3, 1, -4, 0]"
115,3.34,-1.178,8.312699048924639,"[-3, -4, 0, -1, 2, -3, -2, -5, 5, 0]","[-3, -1, 2, 3, 3, -3, -4, 3, 4, 4]"
116,3.392,-1.641,-50.84644933088809,"[3, 0, -1, 2, -3, 0, -2, 4, 0, 4]","[4, -1, -2, 1, 2, 1, 3, 0, 0, 0]"
117,2.883,-0.767,8.065532721740347,"[2, 2, 0, -3, 1, 2, 1, -3, -2, -2]","[0, -3, 1, -2, -5, 1, -3, 0, 0, 0]"
118,-0.701,3.128,52.58800961055833,"[0, 2, 3, 3, -1, -3, 3, 1, 1, 0]","[-5, 1, 3, 1, 5, -4, 1, -1, -2, 1]"
119,-7.518,1.412,-29.395642337225365,"[-4, -4, -4, 0, 5, 4, -2, -2, -3, 1]","[4, 3, -1, -1, -3, 4, -1, -3, -2, -2]"
120,-2.796,2.786,-18.81748901146628,"[4, 0, 2, 0, -2, -3, -3, 4, 2, -1]","[1, -1, 1, -2, -2, -4, 4, 1, -1, -2]"
121,-1.669,1.029,23.996528450132615,"[0, 0, 0, -2, -2, 1, 3, 1, -1, -3]","[-4, 0, -4, 0, 4, 1, 0, -2, 2, -1]"
122,-1.657,1.626,-35.520935765463655,"[-2, 5, -3, 0, 1, -1, -2, -4, -1, 3]","[2, -1, 0, 0, -1, 4, -2, 0, -1, 1]"
123,2.106,1.692,39.35818845288244,"[2, -5, 0, 0, 2, 4, 2, -1, 2, -2]","[1, -1, 1, 4, -1, 0, 0, 1, -1, 2]"
124,3.082,2.025,-38.26602129271535,"[0, 1, 3, 2, -3, -5, 1, 5, 2, -1]","[-4, 3, -1, -1, 1, 0, 3, 2, 0, -2]"
125,3.488,1.661,-16.917713942018374,"[0, 1, 0, -4, 0, 0, 0, 0, -4, 1]","[4, -1, 1, 0, -1, -2, -5, -3, 0, 3]"
126,1.335,0.806,-28.228736526375492,"[0, -1, -1, 1, -1, 0, -3, -4, 0, 4]","[1, 1, 1, -3, -1, 2, 0, 0, 3, 1]"
127,-4.664,0.526,-10.703568763188821,"[-4, 0, -2, 2, 4, 1, 1, 4, 2, -4]","[-3, 0, 1, 0, 2, 0, 4, 2, 1, -3]"
128,-3.21,0.671,-20.104321563165072,"[4, 0, 4, 0, 0, 3, 0, -2, -3, 2]","[0, -4, -2, 5, -2, 0, 1, -2, -4, 3]"
129,-3.027,0.11,-35.48324156203768,"[-5, 2, -2, -2, 0, -3, 1, 2, 0, 0]","[0, 0, 1, -1, 0, 0, 0, 3, 2, -1]"
130,-1.62,-0.143,-43.81532511374754,"[3, 1, -1, 3, -1, 0, -1, -1, 5, -2]","[1, 2, -2, -3, 1, -4, -5, -2, 2, -1]"
131,-1.789,-1.235,14.790981443293312,"[-3, -3, -1, -4, -2, 3, -2, -2, -4, 3]","[-3, 2, 4, 3, 3, 1, 3, 1, -2, -1]"
132,-1.649,-1.081,-4.266762511736794,"[4, 2, 2, 0, 0, 1, 4, 2, 0, -1]","[0, 0, -5, 1, -5, 1, -3, 2, 1, 1]"
133,0.76,-0.013,-10.894563722359175,"[-4, -1, 3, 2, 0, -2, -3, -4, 3, 2]","[4, 0, 5, -5, 4, -1, 0, -1, -2, 1]"
134,4.8,0.036,48.52736207899188,"[0, 3, -5, 1, 1, -3, 0, 0, -1, -1]","[-3, -3, -4, 0, 0, -1, 4, -3, 2, 1]"
135,-0.601,2.255,39.91087601135685,"[0, 0, 1, -2, 3, 4, 3, 5, 1, 1]","[4, 1, 2, 1, 1, 1, 0, 4, -2, -5]"
136,0.029,-4.921,33.46106417757107,"[1, -1, 4, 2, -4, -4, -4, -4, -4, -5]","[0, 3, 2, 1, -4, 0, -1, -3, 2, 5]"
137,-0.468,4.493,12.587251364260496,"[-1, -1, -4, -2, 0, 3, 5, 4, 3, 2]","[-4, -1, -1, 2, 4, 1, 2, 4, -1, -5]"
138,0.254,0.421,62.189479440890466,"[0, -3, 2, 4, -1, 2, 0, -3, -3, 1]","[4, 1, -1, -1, -2, 2, 0, -4, 1, 0]"
139,-1.856,0.533,3.5223822886972154,"[3, 1, 0, -4, 0, -2, -2, 1, 4, -3]","[-1, -2, 2, -3, -1, -4, -5, 3, -3, 4]"
140,-2.394,-0.821,-12.565575325061006,"[-2, 1, 1, 0, 3, 1, 1, 1, -4, 2]","[0, -3, 0, 3, 1, 0, 3, -1, 1, -3]"
141,-3.269,-2.822,37.04935574611781,"[4, 2, -1, 4, 2, -4, 0, -3, 2, 1]","[-4, 5, -5, -3, 2, 2, 1, -3, 4, 0]"
142,-3.159,-6.118,-31.480582917928235,"[0, -1, -1, -1, -5, 5, -4, -1, -1, -2]","[5, -1, 3, 3, -3, 0, 0, 3, -1, 2]"
143,-2.816,-17.223,-122.8362913611717,"[-2, 1, -1, -1, 3, 0, 4, 4, 3, 1]","[-2, -4, -3, -3, -2, 0, 0, 2, 0, 2]"
144,-0.594,-8.506,-88.35693039081205,"[1, 1, 0, -2, -2, -1, 1, -1, -3, 3]","[0, 4, 3, 2, 5, -1, -3, -1, -3, -1]"
145,-2.929,-17.83,-31.40071878883238,"[-4, -1, 3, 3, -1, 1, -5, -2, 2, -1]","[-2, -4, -2, 1, -4, 2, 2, 1, 4, -4]"
146,-2.652,1.185,-23.679497799664915,"[2, -1, -1, -1, 1, -5, 5, 3, -1, -1]","[-1, 5, 2, -2, 3, -1, 1, -1, -4, 1]"
147,-5.478,0.207,23.334960034837263,"[-2, 0, 0, -1, 0, 2, -3, 0, 3, -3]","[4, 0, -3, 0, 0, -1, -3, -2, 0, -1]"
148,9.671,0.846,42.10308775825671,"[4, -1, -2, -1, 2, 3, 0, -3, -3, 1]","[-2, 0, 1, 0, -4, -1, 3, -1, 4, 3]"
149,2.505,0.613,-24.06210945685669,"[-3, -1, 2, 3, -2, -1, -2, 2, 1, -1]","[-2, 0, 4, 1, 1, 1, 1, 1, -1, -3]"
150,0.719,5.469,-108.88933502170482,"[-1, 3, 2, 1, 1, 0, 4, -1, 2, 5]","[3, -4, -5, 2, 0, 0, 0, 1, -1, 5]"
151,-3.169,1.763,-40.74843976017761,"[3, 1, -1, -5, 0, -3, -1, 2, -1, -5]","[-2, 3, 2, -1, 3, -1, -1, -3, 0, -5]"
152,2.941,4.043,-10.805508982548282,"[1, -5, -3, 4, -2, 2, -3, 1, -3, 0]","[-1, 1, 2, 2, -4, 3, 1, 1, 2, 1]"
153,-0.175,0.763,56.039337560120174,"[-2, 3, 2, -3, 5, 2, 5, -4, 1, 4]","[0, -1, 1, -2, 5, -3, -4, 0, -5, 1]"
154,-1.533,-0.012,35.449075828044315,"[3, -2, -2, 1, -4, -4, -2, 1, 1, 1]","[1, -3, -1, -1, -4, 2, 4, 1, 0, 2]"
155,-2.589,-7.369,31.151250840029522,"[0, 4, 1, 1, 0, -1, 2, 3, -3, -3]","[-1, 3, 1, 1, 0, 2, -5, -2, 3, -4]"
156,-1.712,3.871,-34.52051708710819,"[0, -5, 3, 1, 3, 2, -1, 0, 3, -1]","[1, -2, -5, -2, 3, -4, 4, 2, -2, 5]"
157,0.054,4.426,-56.851740800908374,"[-1, 5, -4, -3, -2, 1, -4, -2, 0, 2]","[1, 0, 1, -1, 1, 2, -4, 2, -1, -4]"
158,3.502,3.234,-32.16827755474544,"[-4, -2, 3, 1, 3, -3, 2, -3, 1, -3]","[3, 0, 3, 5, -2, 2, 5, -1, 0, 3]"
159,3.385,-2.637,29.983574296834245,"[0, 2, -2, 2, -1, 4, 1, 5, -3, 5]","[-1, 0, 1, -5, -2, -2, -5, -2, 3, -4]"
160,3.492,-6.784,38.17102392612093,"[1, -3, 3, -3, -4, -1, -1, -5, -1, -3]","[-3, 3, -5, 3, 2, 2, 5, 3, -2, 4]"
161,3.489,-6.962,22.873032288713677,"[4, 0, -4, 2, 2, -3, 3, 2, 1, -2]","[-1, -2, 3, -2, 1, -3, -4, 1, 1, 1]"
162,-2.382,-0.907,-54.02995824226949,"[-3, 1, 2, -3, 3, 5, -4, 2, 4, 0]","[4, 2, 0, 3, -2, 3, -1, -5, 3, -5]"
163,-12.917,2.127,-50.22957149476434,"[3, 0, -1, 5, -5, -3, 2, -2, 0, 2]","[-1, -4, -3, -4, 2, -1, 0, 3, -4, 0]"
164,-3.886,1.215,-28.71906327046013,"[-1, 2, -2, -4, 1, 1, -3, 0, 0, 3]","[-2, -1, 2, 3, -3, 1, 1, -3, 1, 1]"
165,3.944,-1.528,-130.27234620171595,"[-4, -2, 2, 2, 1, 2, 4, 0, -3, -1]","[2, 2, 0, 1, 0, -2, 1, 3, -2, 3]"
166,1.265,-0.859,61.468058275230625,"[3, -3, -2, 1, 0, 0, -2, 2, 3, 0]","[-3, 2, -2, -2, 0, -1, -2, -2, 3, 0]"
167,1.678,-0.943,104.35288960419241,"[0, 2, 4, 0, 2, -2, 2, -4, -2, -3]","[3, -3, 0, 3, 4, 0, 0, 2, -3, -4]"
168,-0.593,-0.612,-14.295526581611501,"[-2, 0, 0, 1, -3, 1, -3, 5, 1, 2]","[-3, -1, 4, -4, -2, 1, 3, -3, 1, 1]"
169,0.674,-2.61,6.012940280016504,"[3, -1, -1, -5, 4, -3, 4, -4, -2, 0]","[1, 3, -3, 0, -1, 0, -1, 1, 4, -1]"
170,-2.087,-2.618,13.029402061327975,"[-1, 0, -1, 5, -4, -1, -4, 2, 1, -3]","[-1, 1, 0, -1, 1, 0, 1, -1, -3, 1]"
171,-1.584,3.248,18.10050420005621,"[-3, -1, -2, -1, 0, 2, 0, -2, -1, 1]","[0, -2, -1, 3, -2, 1, 1, 0, 0, 2]"
172,-0.262,0.248,26.039032881170566,"[4, 3, 0, 0, 4, 3, 2, 2, -2, 2]","[3, 3, 2, 2, -1, 1, -1, 4, 3, -1]"
173,1.25,-0.601,-37.731088250740676,"[1, 1, 4, -1, -3, -2, -3, -1, 2, 2]","[-2, -5, -1, -5, 3, -3, 1, -4, -2, -1]"
174,1.831,-4.483,-23.62761169960811,"[-3, -1, 0, -2, 3, 2, 4, -2, 0, -4]","[-1, 3, 2, 0, 1, -1, 1, 4, -2, 1]"
175,1.699,-10.798,6.427613351344332,"[-2, 2, 1, -1, 0, -2, 0, 0, 3, -1]","[3, 1, -1, 2, -3, -1, -2, -3, 1, -2]"
176,-1.338,0.84,-20.31758725504106,"[1, -4, -4, 4, 0, -3, -4, 2, 0, 3]","[0, 0, -2, -2, -1, 3, -1, 4, -1, 2]"
177,-0.282,1.141,-8.13290600468417,"[2, -1, 2, -2, -5, 4, 5, 3, -3, 0]","[-2, -2, 3, 1, 2, -2, 0, -1, 3, 0]"
178,-0.34,-2.328,31.72293244277325,"[2, 1, -2, -1, 5, -2, -3, -2, 1, -3]","[2, 2, -1, 2, 3, 1, -1, -3, 0, 0]"
179,2.687,-5.215,-13.668848252741695,"[-4, 1, 2, 2, -3, 2, -2, -3, -1, 0]","[1, -1, -1, -3, -5, 0, 2, 2, -3, 1]"
180,-1.318,-3.339,-25.50978673543987,"[-1, 2, -3, -3, 2, 1, 1, 4, -1, 4]","[1, 0, 3, 3, 2, -2, -1, 2, 2, -2]"
181,-2.474,2.151,-10.632791502634195,"[2, -4, 5, 5, 1, -3, 3, -4, 0, -1]","[-1, 2, 1, -1, 1, 5, -1, 0, 2, 1]"
182,-1.019,2.582,-15.582926375873026,"[-1, 2, -5, -2, -4, -2, -2, 5, 1, -1]","[-2, -2, -5, 1, -1, -4, 2, -1, -5, 0]"
183,4.289,2.972,14.833843058128101,"[1, 1, 2, -3, 4, 2, 0, 0, 1, 0]","[0, 2, 2, -3, 1, 0, 0, -3, 5, 0]"
184,4.033,8.693,41.7603652262497,"[0, 2, -1, 2, -1, 0, -2, -2, 2, 2]","[0, -2, 0, 4, -3, -1, -3, 1, -1, 1]"
185,3.336,7.054,42.704645459148935,"[0, -4, 0, 1, 0, 0, 5, -3, -2, -2]","[0, 2, 1, -3, 3, 3, 0, 2, 0, 2]"
186,3.186,-1.879,64.43031026458735,"[1, 2, 4, 2, -4, -2, -3, 4, 2, 0]","[0, -4, -3, 2, -2, -2, 0, -2, -4, -5]"
187,5.292,-1.685,-20.26717169196635,"[2, -2, -2, -5, 1, 4, 3, -4, 0, 3]","[0, 3, 2, 1, 2, 4, 0, -2, 5, 2]"
188,0.934,-1.841,-31.86722023677644,"[-4, -1, -3, 5, 4, -4, 0, 1, -3, -2]","[0, 0, -2, -4, 2, -3, 2, 4, 0, 2]"
189,-2.823,0.139,7.042650386436097,"[-1, 5, 0, -3, -3, 5, -1, 3, 1, 1]","[0, -3, 3, 1, -2, -2, 1, -2, 0, -3]"
190,-1.011,-1.183,-7.64475841991839,"[1, -4, 5, -1, -2, 0, -2, 0, -3, -1]","[0, 4, 1, 1, 1, 2, 2, -2, -5, 2]"
191,-1.828,-2.488,26.568488177824733,"[3, 1, -4, 3, 1, -1, 1, 0, 1, -3]","[2, -3, -2, 2, -4, 2, -4, 5, 3, 1]"
192,-1.444,-2.131,-22.81299819675892,"[-3, 2, 3, -4, -1, -2, -3, -4, 1, 4]","[-3, 3, 0, 1, 0, 1, 0, -4, 2, -2]"
193,-1.651,-3.095,33.77694908222331,"[1, -3, -3, 0, 0, -2, 4, 4, -1, 1]","[2, -2, 0, 0, 1, 0, 2, 4, -5, 0]"
194,3.811,7.359,33.18082503902209,"[-1, 2, -1, 2, 5, 4, -1, -3, -1, -5]","[1, 0, 2, 0, 0, -5, 1, -2, 3, -1]"
195,-2.348,-8.831,99.52115001160021,"[2, 1, 1, -2, -2, -1, 0, 2, 3, 0]","[-4, -1, 0, -2, -1, 4, 1, -3, -2, 4]"
196,-1.324,-7.113,-58.49081384950689,"[0, -4, 3, 4, 1, -2, -2, -3, 2, 1]","[3, 3, -2, -1, 1, -3, -5, 0, 4, 0]"
197,-2.259,-9.08,29.647750687980945,"[-1, 1, -4, -3, -3, 4, 3, 5, -5, 0]","[2, -5, 3, -1, -1, 3, 1, 0, -1, -5]"
198,-1.645,-7.405,-6.705454322068607,"[-1, 4, 2, 2, 0, -4, -3, 0, 5, 4]","[-2, 0, -3, 1, 4, -2, 2, 5, -1, 5]"
199,-2.323,-8.658,-16.55272501771367,"[1, -3, -2, 0, 4, 2, 1, -3, 0, -2]","[-3, 2, 2, 0, -4, -1, -2, -2, -3, -5]"
200,0.332,-20.553,63.58389927394536,"[1, 3, 2, 2, -3, -2, 1, 3, -2, 0]","[3, -2, -2, 2, 3, 0, 3, -1, 5, 2]"
201,-0.911,-6.416,0.24287415478291277,"[0, -2, 0, -3, 1, 1, 0, -1, -3, -3]","[-1, 0, -1, -1, -1, 4, 0, 0, 0, 0]"
202,-5.612,-0.474,10.09132872804691,"[1, -3, 3, -1, -2, -1, -3, -4, 3, 1]","[-2, 2, -1, -2, 0, 0, -2, -1, -2, -2]"
203,-1.782,-0.07,-17.562170480549714,"[-1, 0, -4, 4, 0, 0, 2, 1, -3, 1]","[5, 1, 4, -1, -1, -5, 1, -1, 2, 1]"
204,-0.243,2.034,-6.928484883555975,"[-1, 5, 3, -2, 4, -1, 1, 3, 3, 1]","[-5, 0, -2, 5, 2, 5, -2, 5, -1, 4]"
205,-0.023,1.266,-29.622030673615765,"[2, -1, -3, 2, -1, 1, -1, -4, 0, 2]","[0, -1, -2, -4, 1, -1, 3, -1, 0, -2]"
206,-0.709,1.212,-23.138743128690248,"[-3, 0, 0, -2, -1, 2, -1, 0, 0, -2]","[0, 0, 4, 3, -4, -4, 1, -1, 0, -1]"
207,-1.736,-0.771,-31.420781195257796,"[1, -2, 1, -1, -2, -2, 0, 5, 0, -3]","[5, -2, 0, -4, 5, 4, -3, -2, 0, -1]"
208,-1.374,-1.011,-13.698479972156905,"[0, 2, 1, -1, 3, 4, 2, 0, 1, 1]","[-5, 2, -2, 1, -1, -2, -1, 4, 0, 0]"
209,-1.319,-3.55,-29.962930696588316,"[3, -1, 2, 1, -4, -1, -2, -4, 0, 1]","[4, 0, 0, 4, -3, -1, 1, -5, -3, 0]"
210,-0.916,0.587,-13.82362882640723,"[-5, -3, -1, 0, 3, -1, 4, 4, -3, -2]","[0, -1, 3, -5, -1, 3, 0, 1, 2, 3]"
211,-1.026,-0.701,-7.929560999065413,"[1, 4, -4, -1, 0, 1, -1, 0, 2, 0]","[0, -1, 0, 4, 3, -1, 2, 1, -1, -1]"
212,-1.364,3.108,-63.60912019824232,"[2, 0, 0, 0, -1, -2, 0, -2, 2, 5]","[1, 5, 0, 1, -2, -3, -1, -2, 3, -2]"
213,0.529,1.496,-22.42221054218733,"[1, -2, 5, 3, 3, 0, -1, -2, -4, -3]","[0, -2, -2, -2, -1, 4, 0, 2, 0, 4]"
214,3.359,2.064,15.141088803821733,"[0, 1, -3, 0, -2, 3, -3, 3, 0, 2]","[-5, 0, -2, -3, 2, 1, 0, 0, -3, -2]"
215,4.099,-0.204,14.838096108029625,"[-1, 1, 1, 1, -2, -2, 3, -2, 3, -3]","[5, 0, 2, 2, 3, -4, -2, 3, 1, -2]"
216,4.012,-3.317,41.478130725855046,"[-1, -3, 1, 0, 0, 0, 0, 3, -2, 0]","[-3, -2, -2, 2, 0, 1, 3, -2, 2, -1]"
217,2.426,-4.42,24.446232545656947,"[2, 1, -3, -2, 3, -1, -2, 0, -1, 3]","[2, 3, -1, -2, -1, 0, -4, -3, -1, 0]"
218,2.406,-11.283,-0.11847483473568513,"[-1, 0, -1, 2, -1, 1, -1, -2, 2, -3]","[0, -2, 1, 0, 0, 0, 0, 1, -2, 4]"
219,1.66,11.243,15.492959477274209,"[0, 0, 2, -2, 2, 2, 0, 0, 2, -1]","[-4, -2, 3, -2, -1, -2, 2, 4, 0, 0]"
220,-1.176,-2.067,6.0080569361762155,"[0, 2, -2, -3, 0, -4, 2, 1, -5, 2]","[3, 2, -2, 4, -3, 5, -1, -3, -1, 1]"
221,-0.217,-1.001,-39.98641113857596,"[0, -1, 4, 2, -5, 0, 0, 0, 0, 1]","[-3, 0, -2, -2, 3, -4, 3, 1, 3, -5]"
222,-1.369,-1.336,34.034252681781666,"[-1, 1, -3, 0, 0, 4, 0, -4, 3, -2]","[4, 3, 2, -1, 1, -1, 1, 1, -4, 1]"
223,0.629,0.63,-2.8167040308117,"[-1, -3, -1, -2, 1, -4, -2, 2, -1, 1]","[-4, -2, 1, 1, -1, 1, 0, -3, 5, 0]"
224,-5.398,-2.395,18.81606588021255,"[1, 2, 1, 4, 3, 1, 4, 2, 2, 2]","[2, -2, -1, 2, 2, 1, -5, 3, -3, 0]"
225,0.636,-2.618,-35.28288651426029,"[2, -3, 3, -4, -4, -2, -2, -4, -4, -1]","[1, 4, -1, -3, -4, 3, 4, -3, 3, 2]"
226,2.776,2.869,-9.588061561158367,"[-2, 1, 1, 3, 2, 1, -2, 1, 3, 2]","[-2, -3, 0, 0, 3, -3, -2, 0, -3, -2]"
227,2.913,5.067,3.933617130660773,"[3, 0, -2, -2, 2, 4, 0, 1, -2, -5]","[0, 3, 3, -1, 1, 0, 3, 1, -1, 1]"
228,0.641,6.042,-21.474525950458375,"[-2, 0, 0, 2, 0, -3, 2, 2, 3, 1]","[1, -2, -4, 2, -5, -2, -3, -2, 2, 2]"
229,1.928,8.434,-25.59694189365473,"[-2, 0, -3, -2, -1, 3, 1, -1, -1, 0]","[-1, 2, 2, -1, 4, 2, 2, 2, 1, 0]"
230,2.167,-10.105,-7.387230758286493,"[-1, 2, 5, 1, -3, -1, -3, -3, 0, -1]","[2, -2, 3, -1, 0, 1, 1, -2, -4, 1]"
231,1.255,1.708,24.90750608458836,"[3, -2, 0, -2, 2, 0, 2, 2, -1, 1]","[1, -3, -1, 2, -1, -3, -1, 0, 4, -5]"
232,-1.171,-0.482,16.19797924583537,"[0, 3, -5, 5, -2, 0, 0, 2, -1, 1]","[1, 4, -3, -1, -3, 1, -1, 4, 0, 1]"
233,-1.208,1.047,-62.197544323902584,"[2, -3, 1, -3, 1, -4, 1, -1, 3, 2]","[-4, -4, 1, 4, 4, 4, 0, 1, 1, 1]"
234,-2.905,4.068,34.048398702680046,"[-2, 3, 0, 2, 3, 5, -1, -3, 0, -4]","[-1, 0, 1, -2, 1, -3, -2, -4, -1, 2]"
235,-2.214,1.286,3.970057696363738,"[-2, -3, 0, -3, -2, -2, 2, 4, 0, 5]","[5, 0, 2, -1, -2, 2, 3, 3, 0, -3]"
236,-7.294,0.699,59.77763802624258,"[4, -1, -1, 1, -1, -2, -1, -1, -1, -4]","[0, 1, -3, 3, 1, -2, -2, -3, -2, 1]"
237,0.2,-1.47,-25.40946820016028,"[-3, 1, 5, 3, 4, 3, 1, -2, -3, 4]","[-3, -1, 3, -4, -1, 1, 2, 0, -2, 3]"
238,0.917,1.286,18.054592146770613,"[-2, 4, -3, -1, -5, -1, 1, 3, 1, -3]","[-2, 3, 0, 0, -2, -1, -3, 3, 1, -4]"
239,2.204,0.264,-16.449635138461193,"[3, -1, 3, 0, 3, 2, -1, -1, 1, 0]","[5, 0, -5, 4, 3, 0, 1, 1, 4, 4]"
240,6.991,3.817,11.95163975822121,"[-2, -1, -5, -3, 0, -5, 0, -1, 0, 3]","[-2, 0, 1, -1, 1, 3, -1, 0, -3, -5]"
241,7.139,-0.424,52.3389786421188,"[1, -2, 1, 4, -1, 5, -1, 3, -2, -3]","[-3, -1, -1, -3, -3, -4, 1, 0, 2, 5]"
242,11.249,-11.811,8.546687115800054,"[-2, 3, -1, -3, -2, -1, 0, -3, 0, -2]","[5, 3, 4, -1, 3, 2, -1, -2, 1, 0]"
243,29.495,-2.135,12.355658169089988,"[1, 1, 2, 1, 3, -3, 1, 2, 4, 5]","[-2, 0, -1, 1, 0, -3, -1, -2, -2, -3]"
244,6.755,0.539,12.208374348272777,"[0, 0, 1, -2, -3, -1, -3, -2, 1, -3]","[-1, 0, 0, 3, -3, 3, 3, 2, 1, 3]"
245,5.193,2.481,43.23580245121022,"[4, -3, 0, 1, 3, 1, 4, 3, -1, -2]","[3, 0, -3, -3, -1, 1, -1, 1, -3, -4]"
246,4.416,1.188,0.16615060311842908,"[-5, 0, 2, -2, 0, 4, -1, 0, -1, 0]","[-3, 0, 2, 0, 2, -2, 2, -4, -1, 4]"
247,3.938,-1.65,23.351366155574507,"[0, -2, -1, 2, 0, -5, -1, 0, -3, 1]","[0, -1, 3, 2, 0, 2, -2, 5, 3, 0]"
248,-0.723,-1.52,-5.202090483679313,"[3, 0, -4, 1, -2, 0, 2, 0, 5, 3]","[0, 1, -3, -3, -1, 1, 2, 0, -2, -5]"
249,1.258,-1.295,29.938324160248776,"[1, 1, 2, 1, 4, 3, -4, -2, -1, -2]","[1, -5, 0, 3, 3, 0, 1, 0, 4, 1]"
250,3.47,5.178,33.60786942741875,"[0, 0, 1, -1, -1, 2, 0, 2, -2, -1]","[1, 2, -2, 2, -2, 0, -1, -4, -1, 4]"
251,5.596,7.03,-23.2476412216786,"[-2, 0, 2, -2, -2, 0, 1, -4, 1, 3]","[-4, 2, 4, 0, -3, 0, 0, -1, -2, -2]"
252,4.911,7.617,4.287513978597935,"[0, 1, -2, 0, 1, -1, 1, -1, -1, -2]","[2, -1, 1, -4, 2, -1, -3, 1, 3, -1]"
253,1.111,2.635,-7.159714006020137,"[-2, 0, 0, 2, -2, -2, -3, 4, 2, -2]","[-1, -3, -3, -1, 0, 0, -1, 2, -1, -1]"
254,0.361,0.586,12.74543356712857,"[0, 1, -2, -2, 1, 0, 1, -2, 0, 5]","[4, 4, 2, 1, -2, 0, 1, -2, -4, 0]"
255,0.315,0.464,51.03147098963605,"[3, -1, 0, 4, 1, 2, 3, 1, -4, -4]","[-4, -4, 0, 0, 2, 0, 0, 3, 0, 0]"
256,0.292,0.342,24.906923912588123,"[-1, -1, -1, -3, 1, -1, -1, 2, 3, 0]","[1, 3, -1, 3, 0, -3, 0, 0, 1, 3]"
257,0.022,-0.087,18.291868264411374,"[-2, 0, 5, 0, -3, -3, 0, 0, -2, 1]","[1, 0, 1, -3, -2, 1, 2, -2, 2, -4]"
258,0.04,-0.88,16.06395327659925,"[2, -1, -2, -2, 3, 4, 1, -5, 1, 3]","[1, 0, -4, 2, 1, 3, 1, 3, 1, 3]"
259,-1.303,-3.404,1.5686176105102614,"[-1, 0, 2, 0, 1, -2, 1, 0, 0, 0]","[-2, -1, 2, 2, 4, -5, 0, -4, -3, 2]"
260,-1.928,-3.291,-42.81074140656561,"[3, 5, -3, 3, -3, 0, 0, 1, 3, -5]","[0, 3, -1, -3, 0, 0, -1, 1, -1, -3]"
261,-1.621,0.283,39.26754383736412,"[-3, -1, 2, -2, 1, -1, -2, 3, -5, 0]","[1, -1, -1, 1, -1, 1, -2, 1, 5, 1]"
262,4.953,-1.344,-65.9351973051718,"[1, -4, 0, 2, -3, 1, 2, -3, 4, 5]","[-1, -4, 0, -3, 0, 4, 0, 1, -5, 0]"
263,2.876,-1.287,-43.21977632697862,"[-2, 0, -3, -1, 0, -1, -4, -1, -3, -2]","[1, 3, 5, 5, -3, -1, 3, -3, 4, -2]"
264,3.27,-7.507,10.572588703395434,"[0, 1, 4, 3, 2, 2, 1, 5, 1, -1]","[0, -2, 0, -2, 0, -4, -3, 0, -2, 3]"
265,1.391,10.656,23.086399227548743,"[5, 3, -4, -1, 3, -3, 2, -2, 2, 2]","[1, 0, -5, 0, 2, 5, 2, 2, -1, -4]"
266,3.953,0.973,5.585576072953907,"[-4, -2, 1, 1, 0, 5, -1, -1, 0, -2]","[-3, 2, 5, 0, 2, -3, 2, -1, 4, 4]"
267,2.5,-3.308,-42.502705304897326,"[-1, -1, 3, -4, -2, -4, 2, -1, -4, 2]","[4, -3, -3, 0, -3, 3, -1, 2, -1, -4]"
268,1.282,-0.871,6.714443472425848,"[4, 0, -5, -1, 0, 1, -3, 1, 4, 1]","[-2, 4, 2, 1, 2, -4, -1, -3, -3, 1]"
269,1.084,-0.506,29.133960051502388,"[0, 2, 2, 5, 1, 3, -2, -2, -2, -4]","[-1, -2, -2, 0, -4, -1, 1, 0, -1, 1]"
270,-1.449,-0.145,42.31283839991831,"[0, 2, 3, -1, -3, -1, 3, 5, 1, -1]","[-1, 0, 0, -1, 1, 0, -1, 4, 2, 2]"
271,-0.504,0.251,40.85884163446137,"[-2, -5, -1, -4, 4, -1, -2, -2, -1, 3]","[-1, 3, -2, 0, 3, 0, -3, -3, 0, -2]"
272,-0.573,0.221,-41.64467827502183,"[1, 5, -1, 2, -1, 1, 0, 0, -1, 1]","[1, 0, 3, -2, -1, 2, 5, 3, 0, 1]"
273,2.362,2.254,-33.03905201718079,"[-1, -3, -1, -2, 0, 0, 3, -2, -1, -4]","[1, -3, 2, -1, -1, 1, -5, -4, -1, 2]"
274,1.337,2.901,14.951660380063139,"[1, -1, 1, 1, -4, 0, 1, 4, 0, 2]","[2, -1, -2, 5, 2, 1, 4, 2, -1, 0]"
275,-0.611,2.606,-7.207619614189619,"[1, 3, 0, 1, 3, -2, 0, -2, 0, 0]","[-3, 1, 2, -2, -3, -4, -2, -2, 3, -3]"
276,-3.698,3.205,29.401442560146855,"[-1, 0, 2, 0, -1, -1, 0, -2, 1, 1]","[4, 2, -4, 1, 1, 5, 3, 0, -2, 2]"
277,-3.396,8.286,39.92740596298558,"[1, 0, -4, -1, -2, 1, 0, 0, 0, -3]","[0, -4, 4, 1, -1, -3, -5, 1, 4, 0]"
278,-2.408,4.048,-35.04814017065939,"[-3, -2, 2, -1, 4, -2, -2, 0, 0, 4]","[-5, 5, -1, -2, 1, 2, 4, 2, -3, -4]"
279,-0.359,-0.379,36.55449625142523,"[2, 2, 1, 3, -4, 2, -1, 0, 0, 1]","[0, -1, -1, 2, 0, -3, 0, -1, 1, 3]"
280,-2.942,-0.984,13.92623513895983,"[1, -1, -1, 2, 2, 2, 2, 0, 4, 0]","[0, 1, 0, -4, 1, -1, -1, 0, 1, 0]"
281,-2.512,-1.807,22.190072585712326,"[-3, 1, -3, -5, 0, -4, -4, 4, -2, -5]","[0, -5, -3, 2, 2, 4, 0, -3, 0, -3]"
282,-4.626,-4.926,-37.847114011370174,"[1, -2, 2, 0, -1, 3, 4, -5, -3, 3]","[2, 3, 4, 1, -3, -1, 0, 2, -1, 3]"
283,-0.123,-3.551,-62.16264940792867,"[1, 2, 0, 4, 1, -1, 1, 2, 5, -3]","[-1, 1, -4, -2, -1, 1, -3, 2, 0, -3]"
284,0.016,3.945,2.3605317710962748,"[0, -1, 2, 1, -1, -2, -4, -2, -4, 3]","[1, -2, 3, -2, 4, -2, 3, 1, 2, 3]"
285,0.292,1.074,34.19734092206295,"[0, 2, -4, -3, -1, 3, -1, 3, 1, 2]","[1, 0, 1, 4, -1, 1, 2, -2, -5, -2]"
286,3.338,-1.276,-30.76548989551634,"[2, 0, 0, 2, 3, 1, 5, -3, -1, -3]","[0, -2, 0, -4, -2, 2, -5, 1, 3, 3]"
287,2.257,-2.412,-40.80501788253473,"[0, -3, 4, -3, -3, -2, -2, 2, 4, 2]","[-2, 1, -3, 5, 3, -4, 2, -4, 1, 0]"
288,0.481,-1.396,54.289750166368705,"[-5, -2, 0, 0, 5, -1, 2, 2, -1, -3]","[2, 1, 4, -3, -2, -1, -2, 3, -4, -4]"
289,-1.224,1.739,3.968267568477621,"[5, 4, 1, 3, 0, 4, -4, -1, 0, 0]","[-2, 3, -5, 3, -1, 2, 0, 0, 0, 0]"
290,-0.869,-0.208,6.253752193504006,"[0, -2, -2, 1, -3, 0, -1, 1, -1, -1]","[-1, -5, 0, -4, 2, 1, 4, -3, 0, 4]"
291,-1.536,-1.088,-21.566501943244273,"[0, 3, 2, -3, 2, -1, 3, -2, -3, 1]","[3, 3, 5, 0, 0, 1, -2, 5, 5, 1]"
292,-3.41,-1.594,27.548440724672002,"[0, -2, -5, 2, -1, -2, 1, 1, 0, 4]","[2, 1, -2, 2, -4, -2, -1, -2, -1, -2]"
293,-6.025,-3.184,-39.88345564184055,"[-1, 1, 2, 0, 2, -1, -1, -3, 3, -5]","[-1, -4, -3, -1, 5, 2, 4, -2, 1, -1]"
294,-3.398,0.172,-29.32637795714303,"[-1, -4, -1, -4, -5, 4, 1, 4, -2, 2]","[1, 5, 3, -2, -3, -4, -1, 1, -1, -2]"
295,-0.906,0.809,12.876119306437774,"[-2, 4, 0, 4, 3, -5, 1, 0, -1, -1]","[-1, -2, 0, 1, 0, 5, -2, -2, -1, 3]"
296,-1.87,-1.732,-0.9624781544812555,"[3, -3, 2, -1, -1, 3, -2, -2, 4, 0]","[1, -1, -3, -1, 0, -1, -1, 4, 0, 2]"
297,-1.059,-2.53,49.03152063268251,"[-1, 4, 1, 2, 3, -3, -1, 3, -3, 2]","[-1, 3, 3, 5, -2, -3, 4, -4, 1, -2]"
298,-0.925,-2.979,34.55168465775726,"[-1, -1, -4, -1, -2, 3, 1, 0, -1, -2]","[0, -3, 2, -4, 0, 0, -5, 5, -4, 1]"
299,1.194,-1.818,-59.77978391299956,"[2, 1, 4, -3, 0, -2, -2, -5, 1, -1]","[-2, -1, -5, 3, 2, 2, 5, -3, 2, -2]"
300,0.582,-1.838,23.194000989528828,"[-1, 0, -3, 0, -2, 4, 0, 5, 3, 2]","[-2, 3, 4, -2, 2, 0, -3, -2, 1, -1]"
301,0.072,-1.579,7.381747440123735,"[1, -4, -1, -1, -1, -1, -1, -2, -4, -2]","[0, -2, -4, -1, -4, -3, 2, 2, 2, 1]"
302,-0.113,-0.222,9.365151773307709,"[-1, 2, 0, 0, 3, 0, 2, 0, 3, 4]","[5, 2, 5, 2, 4, 2, -4, 0, 0, 1]"
303,0.005,4.286,-26.920942013721262,"[-3, 2, 3, 1, -1, -4, 0, 1, 2, -1]","[0, 0, -3, -3, -1, 1, 2, 1, -2, -2]"
304,1.215,5.937,-38.49065279165791,"[3, -3, -2, 0, 1, 4, 2, -2, -4, -3]","[-1, -4, 3, 4, -3, -1, 3, -3, -2, 4]"
305,0.465,3.138,30.937428758941245,"[2, 2, 0, 4, 2, -4, -3, 0, 0, 2]","[-3, 3, -2, -1, 2, 3, 0, 3, 1, -5]"
306,1.345,0.606,17.89963261673369,"[-5, 0, 0, -5, -1, 5, 3, -1, -1, 3]","[2, -1, 1, -2, -1, -2, -3, -3, 1, 2]"
307,1.037,1.292,-41.371527178001756,"[5, -4, -1, 3, -1, -4, -1, 1, 3, -3]","[2, -1, 0, 3, -1, 2, 2, 0, -2, 2]"
308,3.832,2.495,36.79945637950017,"[-3, 3, 1, -1, -1, 4, -2, 3, -2, 2]","[-5, -1, 0, 1, 2, -5, -3, 2, 0, -4]"
309,10.52,2.102,-0.6583403620470561,"[3, 1, -1, 1, 2, -1, 3, -4, 1, -4]","[1, 1, -4, -3, 2, 0, -1, 1, 0, 0]"
310,6.712,-0.503,-35.20468588591536,"[0, -1, 5, -1, -3, -3, 0, -1, 1, 5]","[4, 4, 1, 2, -2, 2, 5, 2, -1, 5]"
311,0.874,-2.385,43.64337084756702,"[-1, -3, 0, 2, 1, 3, -1, 5, 0, 0]","[-5, -5, 3, -1, 1, 3, -3, -5, 2, -3]"
312,19.605,-7.615,7.976665072498311,"[-4, 4, -2, -4, 0, -4, 1, 0, 0, -4]","[0, 2, -4, 2, 1, -5, 3, 2, 2, -2]"
313,3.258,-2.415,56.94668221902463,"[2, 1, 0, 0, -1, 5, -4, -2, 2, 3]","[4, -1, 5, -1, -3, 0, -2, 3, -1, 0]"
314,0.611,-4.369,-22.729590466329615,"[1, -5, 0, 2, 4, 0, 0, -1, -2, -4]","[-1, 1, -3, 0, 1, 2, -2, -2, 0, 4]"
315,-2.68,-1.717,-28.011801072084147,"[0, 4, -3, -1, -4, -2, 5, 0, -2, 3]","[2, -2, 3, -4, 3, 2, 0, 2, 1, -1]"
316,0.749,-2.679,56.145702272851494,"[2, -3, 2, 1, -1, 1, -4, -1, 4, 1]","[-3, 4, -5, 4, -3, -3, 1, -3, -4, -2]"
317,4.343,-0.186,2.7575407260551263,"[0, 0, 2, -2, 0, -3, 4, 4, 0, 1]","[-2, 0, 0, -1, -2, 0, 1, 2, 4, 2]"
318,3.985,5.314,15.495817812479416,"[-1, 0, -1, 5, 4, 4, -4, -2, -1, 0]","[0, 1, 5, 1, 3, -1, 2, -2, -1, 1]"
319,1.394,1.317,16.223823392917506,"[-4, 1, 0, 0, -2, -4, 0, -2, -1, -5]","[0, -4, -5, 1, 2, 4, -4, -1, 2, 1]"
320,0.429,-1.584,-18.043858871628075,"[3, -2, -2, -3, 3, 0, 4, -1, -1, 3]","[0, -1, 4, -3, -3, 0, 1, 2, -2, -1]"
321,5.527,1.194,-13.97931330355519,"[1, 3, 4, -1, -3, 3, -2, 4, 0, 1]","[4, 2, -1, 2, 1, -1, 3, -1, 0, -1]"
322,1.91,3.222,-30.4415698919575,"[1, 1, -3, 4, 2, -4, 0, -4, -1, -2]","[-2, 3, -3, 1, 1, -2, -1, 0, 1, -2]"
323,0.875,5.037,20.6727926220679,"[-1, -1, 1, -1, -3, 0, -1, 0, 4, 1]","[2, -3, 2, -1, -2, -1, 1, 3, -4, 3]"
324,0.614,-2.682,-109.72208937265655,"[1, -3, 2, 0, 2, 4, 3, 1, -1, 0]","[0, -2, -1, 1, 2, 0, -4, -1, 0, -4]"
325,2.591,-2.006,36.360340698457655,"[-1, 2, -3, 1, 2, -1, -4, 1, -3, 1]","[-1, 3, 2, -1, -2, 5, 3, 1, 4, 1]"
326,-0.567,-1.241,-7.753375337786752,"[0, -1, 1, 0, -1, 1, -1, 2, 3, 0]","[2, 2, 0, -3, 3, -3, -3, -5, -4, 4]"
327,0.4,-1.489,-94.96174304212076,"[-1, 4, -1, -5, -2, 0, 3, 0, 1, 0]","[-5, -2, -2, 1, -1, 1, 4, 0, 0, -3]"
328,-1.14,2.701,-3.1608547472455286,"[2, -2, -1, 3, 1, 0, -1, -1, -3, -1]","[5, 0, 1, 3, -3, 0, -1, 4, 4, 2]"
329,-0.778,1.93,23.20082396731277,"[-4, -1, 2, -2, -2, 0, -1, 2, 2, -3]","[-5, -1, 1, -3, 0, -3, -3, -3, -4, -2]"
330,-1.187,2.316,-34.04832919476568,"[4, 1, 2, 4, 0, -1, 4, -3, -1, 5]","[0, -1, -3, -1, 3, 5, 3, 2, 1, 1]"
331,-0.545,0.715,-36.520332285301286,"[-3, -1, -3, -5, 4, 1, -3, 1, 2, -4]","[1, 2, 0, 4, 0, -1, 1, 1, -1, 2]"
332,-1.101,-2.968,-4.150686965352455,"[-2, -2, -1, 4, 0, -2, 3, -1, -1, 2]","[2, 2, 5, -3, -1, -2, 0, 0, 1, 0]"
333,1.49,-0.969,8.566942073614936,"[4, 1, 2, -3, -3, 1, -2, -2, -3, -3]","[-2, -4, -1, 3, -3, 3, 0, 0, 4, -2]"
334,-0.37,0.889,-18.5321431461521,"[-1, 2, -1, 1, -2, 0, -2, 0, -1, 3]","[1, -1, -4, 0, 3, 0, -1, -2, -3, -2]"
335,0.168,6.246,-34.347881823019826,"[1, 2, 2, -1, 5, -3, 0, 3, 0, -3]","[1, 3, 4, -4, -1, -4, -3, 1, 1, 4]"
336,-1.326,7.043,43.63708187399566,"[1, -5, -1, -1, -2, 5, 0, -2, 5, 4]","[1, -3, -3, 4, 1, 3, 1, -1, -1, -2]"
337,0.509,-0.241,-2.482906141856551,"[-2, 0, 1, 0, -2, -2, 4, 3, -1, -1]","[-2, 1, -1, -3, 0, -3, 3, -2, -1, 2]"
338,-5.692,-0.514,25.595344349405956,"[-2, 5, -2, 1, -1, -2, -1, -1, 1, 1]","[2, -1, 2, 2, 0, 0, -5, 4, 4, -2]"
339,3.023,-0.896,42.32677879079739,"[2, -5, 1, 2, 2, 0, 0, -1, 0, -4]","[-3, 3, -1, 0, -1, 2, 3, -3, -2, -3]"
340,2.986,-3.142,14.105427433255644,"[-1, 1, 2, -1, 0, 4, -2, -2, 0, 1]","[1, -3, 1, -3, 1, -2, 0, -1, -3, 5]"
341,-2.744,3.835,-29.435509751073216,"[1, 0, -1, -1, 2, -5, 2, 1, -1, 4]","[1, 5, -2, 2, 2, 4, 2, 3, 2, -1]"
342,-3.134,1.79,-30.437438558150095,"[0, 3, 1, 4, -1, 1, 0, 2, 0, 0]","[1, -5, 1, 1, -1, -5, -5, 0, -2, -2]"
343,-5.903,5.954,30.814796433095697,"[-3, -4, -3, -5, 1, 0, -1, -1, -2, 0]","[-1, 4, 2, -4, -2, 2, 0, -1, 1, 1]"
344,11.307,-4.588,-42.50428726861937,"[3, 5, 3, 2, -1, 1, 2, 2, 1, -5]","[2, -3, 0, 2, -2, 2, 5, 0, 4, -2]"
345,0.99,-0.277,23.76363694134117,"[2, 0, -1, 0, 2, -1, -4, -2, 2, 3]","[-3, 4, -3, 2, 1, -1, -1, -2, -2, -1]"
346,-6.797,-1.569,31.310700096392623,"[-1, -5, 0, 3, -1, 0, -1, 0, 0, 2]","[3, -3, 3, -3, 4, -3, -3, 0, -2, 5]"
347,-2.042,-1.623,15.993274085594175,"[1, 4, -3, -1, -3, 0, 5, -2, -5, -4]","[0, 3, 1, 1, -1, 4, 2, 2, 1, -1]"
348,-6.537,-2.834,-64.96381115318566,"[-3, 1, 3, -2, 4, -1, -4, 0, 3, 4]","[-3, -1, -1, 0, 0, -1, 2, -2, 1, 0]"
349,-3.555,0.767,-22.146010852989654,"[1, 0, -1, 1, 0, 1, 0, 2, 1, -1]","[2, 0, 2, 0, -2, -2, -2, 4, -1, -3]"
350,-2.959,0.133,15.639609162873752,"[-1, -5, -1, 0, 0, 0, 3, 2, -3, 0]","[-1, 0, -3, -2, -1, 3, 2, -2, 3, 4]"
351,3.683,-2.152,-37.97888868164997,"[-1, 0, 3, 2, -1, 1, -4, 0, 4, -2]","[-3, -2, 2, 2, 3, -2, -3, 2, -5, -5]"
352,2.017,-3.875,57.15929294918312,"[2, 3, -2, -4, -2, 0, 5, -1, -4, 1]","[1, 0, -4, 0, -4, -2, 2, 0, 4, 4]"
353,2.532,-6.741,22.09615061712366,"[-3, -2, -3, 3, 2, 1, -4, -3, 3, 2]","[0, -1, 1, 3, 5, 0, -1, -2, -4, -4]"
354,-3.29,-5.281,-21.877020929682534,"[1, 1, 0, -1, 1, 0, 2, 2, -3, -1]","[1, 4, 4, -3, -5, 1, 1, -1, 1, 4]"
355,3.857,8.619,35.93307665682158,"[3, 3, 0, -3, 0, 0, -2, 0, 0, -4]","[3, -5, -2, 1, 2, 4, -2, 0, -1, -3]"
356,3.889,-1.234,-13.619533907727487,"[1, -4, 3, 0, -5, -1, -1, -1, 2, 1]","[-2, 5, -1, 1, 1, -2, 3, 2, 4, 0]"
357,3.888,-1.479,2.3714585298651922,"[-5, 4, -2, 4, 0, -1, 3, 4, 0, 2]","[0, -5, 1, -4, -2, -2, -3, -3, -2, -1]"
358,-0.187,-0.854,1.744447820962101,"[2, 0, 3, 1, 5, -1, -1, 0, -3, 0]","[1, 0, 2, 3, 4, 0, -1, 2, 1, 5]"
359,-0.305,-0.331,-43.416246285143856,"[0, -5, 0, -5, -1, 3, -1, -1, 1, 2]","[0, 0, -3, -1, -4, -1, 1, 3, -1, 0]"
360,-2.511,1.338,-51.526775352928986,"[-2, 0, -3, 0, 1, -1, 3, -4, 3, -3]","[0, 5, -1, 0, -1, 2, 2, -2, 0, -2]"
361,-4.257,2.232,13.27513057072859,"[5, 1, 1, 1, -5, -1, -1, 2, -3, -2]","[-1, -4, 2, 2, 1, -1, -1, 2, 1, 2]"
362,-5.78,3.361,-16.56441449594644,"[-4, 2, 1, 3, 4, 4, -3, 0, -1, 5]","[0, 4, -3, 0, 1, -1, 1, -2, 2, -3]"
363,-9.781,-2.089,-19.158339906000606,"[-1, -2, 1, 0, -3, -5, 3, -2, 1, -3]","[-3, -1, 3, -1, 1, 4, -1, 0, -2, 3]"
364,5.63,-12.997,28.599946726299837,"[3, 3, 1, -4, 0, 2, 2, 2, 1, 3]","[5, 0, 0, -2, -3, -4, 0, 1, 1, -1]"
365,-18.981,-10.864,-17.510580033412648,"[-3, -3, 0, 3, 0, 1, 0, 0, 3, -3]","[-3, -4, 0, 3, 1, 2, 1, 0, -1, -1]"
366,-1.994,-2.769,-30.573511902673367,"[5, -1, -1, 0, 4, -1, 0, 3, -5, 1]","[2, 4, -1, -2, 4, 1, -1, -2, 0, 0]"
367,-5.248,12.119,-15.035791287415512,"[-3, 0, -1, 0, -2, 3, -5, -1, 0, -1]","[-3, -3, 0, -1, -2, 2, 0, 0, -3, 1]"
368,-2.064,1.585,-37.015313036787816,"[3, 4, 1, -3, -1, -5, 3, 0, 5, 2]","[2, -1, 1, 3, 0, 0, -2, 0, 3, 0]"
369,-2.099,1.551,-4.107457040300916,"[-1, -2, -4, 1, 2, 1, -1, 1, 0, -4]","[-2, 2, -1, -3, 1, -5, 1, 2, 0, 0]"
370,0.643,1.712,-31.24765972784265,"[-1, -2, 0, 0, 0, 3, 3, -4, -1, 4]","[1, 0, 3, 1, -4, 3, 3, 0, 0, 0]"
371,0.924,1.936,-55.53513694606447,"[-3, 5, 2, 1, 0, -4, -4, 0, 1, -3]","[1, 3, -2, 3, 5, 0, -2, -4, -3, -3]"
372,1.665,1.421,1.588185609283281,"[5, -2, 3, 2, 0, 3, 3, 3, -4, 2]","[1, -2, 1, 0, 0, 1, -2, 5, 2, 1]"
373,7.611,1.072,-64.943298084501,"[-4, -3, 0, -1, 0, -2, 1, -2, 3, 0]","[-2, -3, -1, -2, -2, -2, 4, -1, 0, -2]"
374,5.144,-2.81,117.27922814625013,"[-1, 5, -4, -3, 1, -1, -3, 2, -4, -1]","[1, 0, -1, -1, 1, 0, -3, 1, -2, 4]"
375,1.205,-2.661,27.016066588412798,"[2, 0, -1, 1, -3, 1, 0, -4, 4, 2]","[-1, 2, 0, 1, -1, 1, 2, 0, 2, 0]"
376,-0.999,3.076,-45.716582793878246,"[-1, -3, 5, 4, 1, 1, 0, 2, -1, 1]","[3, 0, -1, -3, -2, -1, -3, -5, -1, 0]"
377,-1.111,3.044,-20.107382632332346,"[4, 1, 0, -5, 2, -1, 0, 0, -2, -2]","[-5, 2, 4, 5, 1, 3, -1, 2, 3, 0]"
378,-2.236,0.355,33.26021485739936,"[-5, -2, -5, 5, 0, 4, 3, -2, 3, 2]","[2, 0, -1, -5, 0, -2, 4, -2, -3, -3]"
379,-1.296,-1.06,33.08397263444915,"[5, 2, 5, 0, -3, -3, -4, 1, -3, -5]","[3, -2, 1, 5, 1, 2, -3, 3, 1, -1]"
380,-0.394,-0.082,19.88953632733483,"[-4, 2, -4, -1, -2, 2, 1, 3, 3, 5]","[-3, 1, -3, -5, -3, -2, -1, 0, -2, 4]"
381,1.339,0.595,-48.51469463519674,"[3, -2, 0, -1, 2, -2, 2, -2, -3, -4]","[-1, -2, 1, 4, 3, -2, 4, -1, 5, 0]"
382,2.295,0.524,41.532792300673684,"[-1, 2, 1, -2, 1, 1, -4, 3, 4, -1]","[1, 2, -1, -1, 2, 2, -3, -2, 0, 1]"
383,-0.223,2.352,59.43669214793749,"[2, 0, 1, 4, -2, -2, 1, -5, -1, 3]","[3, -1, -2, 1, -1, -3, -1, 3, -5, -3]"
384,3.924,-1.984,-21.836754278112835,"[0, -3, -3, -3, 2, 0, -1, 5, -2, 2]","[-3, 2, 0, 0, -1, 3, 4, 2, 5, 3]"
385,2.803,-1.53,-4.172912016841168,"[-1, 1, 5, 3, -1, -1, 5, -2, 3, -5]","[-2, -1, 5, -4, -3, -1, -2, -3, -5, -3]"
386,7.173,-2.413,-19.343843927495648,"[-2, 0, -5, -2, 2, 3, -4, -3, -1, 4]","[0, 2, -1, 0, 3, -1, 2, 0, 5, 3]"
387,2.786,-1.242,-31.292327703066594,"[1, -1, 0, 0, -3, 2, 3, 5, 0, 1]","[2, -1, 1, 3, 0, 0, -3, 0, -1, -4]"
388,2.2,-1.493,-29.79374114950047,"[1, 2, 2, 0, 3, -5, 0, -4, -2, 0]","[-1, 1, -5, 2, -3, 0, -1, 3, -3, -1]"
389,1.526,-0.473,29.19445549048003,"[-3, 0, -2, -1, 0, 2, 1, 2, 0, -2]","[3, 0, 1, -4, 3, 0, 5, -3, 4, 2]"
390,2.627,1.214,13.927960604047907,"[0, -1, 1, 3, -2, 2, -4, -2, -2, 2]","[-3, -5, -1, 4, 0, 4, -4, 3, -2, 1]"
391,4.571,13.818,7.206017589452441,"[-1, 0, 1, 0, -1, -3, 3, -1, 4, -3]","[1, 4, 0, 0, 0, -3, 2, -3, -2, -2]"
392,4.501,8.584,24.638848661557915,"[5, 0, 0, -5, -1, -1, -3, 1, -2, 2]","[1, 0, 4, 0, 0, 2, 0, 1, 3, 4]"
393,26.091,-17.232,5.217382998225299,"[-3, 0, 1, 2, 5, 4, 0, 1, 0, -3]","[-3, 1, -3, -1, 0, -4, -2, 1, -4, 0]"
394,25.838,-25.838,-36.230169973343706,"[-2, 2, 2, 3, -5, -3, 4, 2, -1, -1]","[0, -2, -1, -1, -2, 2, 2, -3, 4, -1]"
395,12.359,-16.52,2.1553239607167107,"[5, -2, -3, -4, 1, 4, -2, -3, -1, 0]","[1, -3, 4, -1, -1, 2, 0, 0, -4, -1]"
396,-1.59,-1.794,-49.08892185756843,"[-1, 0, 1, 0, -1, -5, 2, 1, 3, 0]","[0, 4, -4, -2, 4, -1, -2, 1, 4, -3]"
397,-1.203,0.213,-33.50007115129277,"[-2, 0, 2, 0, 1, 3, -1, 3, 0, 2]","[3, -4, 5, 2, 1, 1, 4, 1, 1, 0]"
398,2.774,2.051,-20.303226423899634,"[-2, -3, 0, 4, 0, -3, -3, -1, 0, 2]","[0, 1, -3, -1, -1, -4, -3, -2, -3, 4]"
399,2.64,2.566,12.480489138764776,"[5, 3, -4, -3, 0, 1, 2, 1, 2, 0]","[0, 4, 1, 1, 1, 0, 0, -1, -2, -3]"
400,1.547,2.69,12.42024011794724,"[-4, -2, 2, 1, 0, 2, -1, -1, -4, -4]","[-3, -5, 2, 0, -1, 5, -1, 5, 3, 2]"
401,-0.578,-1.544,51.58843452104183,"[4, 0, -2, 1, 3, 2, 3, -1, 3, 3]","[2, 3, -2, 0, -2, -1, 2, 0, -3, 2]"
402,-0.555,-1.073,10.293133490728591,"[-1, -1, 2, -2, -4, -3, -3, -2, -4, 2]","[-2, -1, -3, 2, 2, 0, -1, -4, 0, -2]"
403,-0.026,0.185,4.9220567949647895,"[0, 4, -1, 0, 5, -2, -1, -1, 3, 0]","[4, -2, 4, 1, -2, -3, -2, 1, 3, 1]"
404,0.473,1.03,-3.8881399092628746,"[-4, 0, 0, 3, 0, 3, 4, 0, -1, -5]","[-4, 1, -4, -4, -1, 0, 5, 2, 1, 0]"
405,4.974,3.192,-26.910306346662427,"[4, -1, 0, 0, -3, -1, -1, 1, -1, 3]","[1, 4, 1, 3, -1, 3, -5, 1, -3, -3]"
406,0.348,1.5,5.8498791316329,"[-3, 2, 3, -5, -2, 0, -1, 0, 4, -1]","[1, 0, 3, -3, 1, 0, 5, -1, -1, 2]"
407,0.356,2.73,26.89651360523553,"[3, 0, -1, 3, 4, 3, -2, 1, -4, 0]","[2, -3, -1, 3, -1, -3, 0, -3, 4, -3]"
408,0.151,1.485,-20.303878395581417,"[1, -3, -2, -3, -4, -3, 4, 3, 3, 1]","[0, 2, -1, -1, 5, 0, -2, 1, -4, 0]"
409,4.167,-0.339,42.910306626412385,"[-1, 3, 3, 2, 2, 2, -3, -1, -1, 0]","[-1, 0, -2, 2, -1, 0, 1, 1, 2, 0]"
410,-6.013,-1.924,15.383744407004682,"[-3, -3, -1, 2, 2, -3, -1, 1, -3, -3]","[-4, -2, 3, -2, -1, -1, -4, -2, -1, 2]"
411,-13.472,-2.552,-5.1346899792872085,"[1, -2, -2, -1, -4, 2, 3, 0, 0, 1]","[0, -2, -1, -3, -1, 4, 5, 3, 3, 2]"
412,-14.124,-1.674,5.325431556487477,"[1, 2, 0, 1, 0, 2, -2, -1, 4, -1]","[2, 4, 1, 0, 0, -4, -5, -4, -3, -2]"
413,0.11,-0.597,53.968536223257196,"[1, 1, 3, -1, 4, 0, 1, -3, 0, 0]","[2, 1, -3, 0, -1, 0, 3, 4, 3, 3]"
414,-13.485,-0.656,0.9493395170094131,"[-1, -2, -5, 2, -1, -3, 1, 3, -2, 3]","[0, -5, 2, 2, 2, 0, -1, 0, 1, -1]"
415,-19.479,-1.171,55.81583916899128,"[0, 1, 4, -5, -2, -1, -4, -4, -2, 1]","[-4, 5, 2, 2, -2, 5, 0, -1, -2, -3]"
416,-3.765,-4.331,27.70154808713914,"[-3, -1, -2, 1, 1, 2, 5, 1, 5, -4]","[5, -2, -2, 1, 2, -2, 0, -3, 2, -1]"
417,1.902,-3.474,-46.48477984683404,"[5, 0, -2, 0, 0, 0, -3, 4, -1, 0]","[-4, 2, -1, -5, -2, -2, 3, 5, -2, 4]"
418,0.439,-0.146,7.221717105957112,"[-5, 1, 3, -1, 2, 1, 2, -4, -1, 3]","[1, -4, 4, 2, 0, 3, 0, 0, -3, 0]"
419,-0.044,3.712,48.9538718883798,"[3, 2, 2, 5, -2, -3, -1, 4, -3, -3]","[-2, 0, -4, 3, 2, 1, -5, -1, 0, 1]"
420,-2.666,4.593,35.01434164219697,"[-3, -2, -1, 0, -1, 3, -2, -1, 1, 2]","[0, 1, 3, -2, 1, 0, 1, 0, 2, -2]"
421,-0.645,5.448,49.79932807431933,"[4, 0, -2, 0, 0, 0, 1, -4, 0, -1]","[3, 0, 1, -1, -1, -5, -1, -2, 2, 2]"
422,0.612,4.059,17.78853940849523,"[-4, 1, -2, 0, 3, -1, -1, 2, 3, 2]","[-1, -1, -5, 2, -3, 3, 1, 3, 1, -2]"
423,1.185,-5.552,-44.454666563510166,"[5, -1, 1, 0, -3, -2, 0, -2, -1, -3]","[-1, 2, 5, -4, 0, -3, 2, 0, 0, -3]"
424,1.04,-0.602,-19.442896334699565,"[-3, 0, 1, -1, 4, 4, 3, 1, 0, 3]","[-1, -1, -5, 5, 0, 2, 1, 0, -3, 5]"
425,1.253,-0.219,16.156311622764793,"[-1, -2, 1, 0, -5, -1, -1, 1, -1, 1]","[2, 3, 1, -2, 0, -1, -4, -3, 0, 0]"
426,-1.796,1.118,52.54675830280078,"[0, 3, -3, -2, 2, 1, 0, -2, -2, -3]","[1, -3, 4, 0, 2, 0, 1, 1, 1, 0]"
427,0.758,-0.182,-24.160864131013525,"[1, 1, 3, 3, 3, -4, 1, 0, 5, 3]","[-3, 3, -1, 2, 3, -1, 0, -3, -3, -2]"
428,1.084,-0.311,30.296303398394574,"[0, -2, -3, -4, -3, 2, 1, 4, 0, -3]","[2, 0, -3, -2, -1, 5, 3, 3, 0, -3]"
429,4.096,-2.313,-43.03433588417142,"[-1, -2, 2, 0, 1, -1, -4, -3, -1, 2]","[0, 0, 1, 0, -4, -4, -3, 1, 3, 4]"
430,3.935,-1.879,13.629784396826231,"[0, 1, 2, 3, -3, 3, -1, 0, 1, -2]","[-2, -2, 3, -1, 4, 0, 0, 0, 2, -2]"
431,6.663,-5.154,-43.717735708028265,"[2, 4, 1, 0, 0, -1, 2, 4, -4, -1]","[3, -2, -1, 2, 0, 2, 1, 0, -3, 2]"
432,10.73,-4.923,28.769223992781303,"[-2, -4, -4, -2, 1, -4, 2, -1, -1, 4]","[2, 2, 0, -3, -4, 2, 0, -3, 1, -3]"
433,14.319,-3.44,-18.859635430816233,"[1, 1, 0, -2, 3, 1, -4, -1, 1, 1]","[-1, -3, -1, -1, 5, -2, 1, 2, -1, 0]"
434,-5.312,-3.112,30.580908783339375,"[-1, 0, 4, 5, -3, 3, 5, 1, 0, -3]","[-4, 1, -2, 2, -4, 1, -1, -3, 1, 4]"
435,-3.47,-2.27,-2.7937430502025573,"[3, -2, -5, -1, 1, -2, -2, 1, 4, 0]","[1, 0, 4, -2, 2, -1, 3, 5, 2, -4]"
436,-3.364,-5.844,31.982098875432502,"[-3, 5, 1, -4, 0, -1, 2, -5, -5, -2]","[2, 0, 0, 0, 1, 1, -3, -5, -1, 4]"
437,-2.143,-1.05,38.11503473978617,"[3, 0, 4, 5, 3, 4, -3, 1, 0, 1]","[0, 1, -4, 2, -3, -4, -1, 0, 0, -4]"
438,-1.306,-1.269,-40.994169533214084,"[-3, 0, -2, -3, -4, -3, 0, 4, 3, 3]","[2, 2, 3, 1, 3, 1, 1, 1, -2, -1]"
439,-0.184,-1.902,17.197864034126994,"[2, -4, 0, 0, 4, 3, 0, 0, 1, 1]","[-1, 0, -1, -3, 0, 2, 0, 4, -2, 2]"
440,0.1,-1.098,24.251361505258725,"[-1, 3, 0, 3, -4, -4, 2, 0, -1, -4]","[-4, 1, -3, 2, -3, -2, -1, -4, 3, -2]"
441,0.82,-0.961,29.34805322874341,"[-1, -2, 2, -1, 4, 1, 1, -1, -2, 2]","[2, -1, 4, 3, 2, 2, 0, -1, 1, 5]"
442,-0.038,0.161,-18.552542529300474,"[4, -1, -5, -4, -4, -2, -1, -4, 0, 1]","[-2, 0, -2, -3, -1, -3, 0, 1, -4, -2]"
443,0.887,-1.128,25.9454541571611,"[-5, 2, 0, 4, 0, 1, 1, 4, 4, 0]","[0, 1, 0, -2, -2, 3, 2, 2, 5, 0]"
444,1.156,-1.35,-63.2020251534758,"[4, 2, 1, 0, -1, -1, -3, -3, -1, 1]","[2, -3, -2, 5, 0, -2, -2, 2, -5, 1]"
445,1.181,-0.622,12.163090604027984,"[-3, -3, 1, 0, 4, 0, 0, 1, -3, -5]","[0, 3, 5, -5, 4, 1, 2, -3, 0, 0]"
446,-1.617,1.355,-4.338036650000456,"[0, 0, -2, 1, -1, 3, 1, -2, 3, 1]","[-1, -3, -2, 2, -4, 2, 0, 0, 3, -1]"
447,-1.042,1.825,34.96624226147154,"[0, 1, 1, -5, 0, -3, -3, 2, -3, 1]","[4, 0, 2, -2, 0, 0, -1, 1, 1, -2]"
448,0.548,1.6,-52.240458645852634,"[1, 1, 1, 4, -1, 0, 3, 0, 1, 3]","[-5, -1, -2, 4, 2, -4, 1, -2, 0, 4]"
449,9.004,3.421,35.67991198072763,"[-1, -4, 0, -3, -2, 3, -2, -1, 0, -4]","[3, 0, 1, 1, 0, 1, 0, -1, -3, -5]"
450,2.363,2.975,19.140693951982655,"[1, 0, -2, -1, 5, 1, -1, 4, 0, 4]","[1, -1, -2, -5, 0, 1, 1, 1, -1, 0]"
451,2.408,1.826,55.46317147705302,"[2, 1, 4, 0, 0, 1, 4, 0, 0, 0]","[-3, 1, 1, 1, 1, -2, -3, 4, 0, 2]"
452,1.242,1.203,46.26273645844446,"[0, 0, 0, 3, -2, -3, -2, -3, -1, -4]","[1, 2, -1, 0, -1, 2, 4, -1, 5, 2]"
453,7.84,-0.258,1.2442281895524225,"[-3, 3, 0, 2, -2, 3, 1, 2, 1, 4]","[-2, 2, 0, 2, 0, 1, 0, -4, -4, -3]"
454,6.784,0.819,31.220559572552173,"[1, -3, -3, -4, 3, -2, 0, -1, -1, -3]","[0, -1, 2, -3, 2, -3, -4, 5, -1, 0]"
455,2.968,-0.744,14.237002928561779,"[0, 3, -1, 4, -4, 1, 1, -2, -1, -1]","[5, -2, -4, 3, -2, 1, 4, 0, 3, 1]"
456,-1.518,1.401,11.408985964238882,"[-2, 1, 4, -1, 1, -4, -4, -1, 0, 4]","[-1, -2, 5, -3, 2, 1, -3, -1, 2, 1]"
457,-0.272,0.575,-16.85990402413733,"[5, -3, -2, -1, -1, 0, 5, 3, 3, 0]","[-1, 3, -1, 3, -1, 2, 1, -1, -3, -2]"
458,-3.496,2.24,23.408485363465026,"[-3, 0, 3, -3, 2, 1, -2, 2, -2, 0]","[-1, -1, 0, 1, -1, -3, 1, 0, 3, 0]"
459,-5.934,5.473,27.338753367208746,"[3, 0, -2, 2, -1, 4, -2, -5, 1, -2]","[1, -2, 0, -4, 2, -1, 1, -2, -3, 1]"
460,-7.775,8.305,-0.5323351713608899,"[-1, -1, -3, -1, 3, -3, 3, 4, -1, 0]","[1, 5, -2, 2, -3, 1, -5, 0, 2, 3]"
461,0.302,0.853,-0.09956347388133548,"[-3, 3, 0, 0, -1, 1, -1, -1, 4, -3]","[1, -1, 2, 0, 1, 4, 1, 2, -1, -1]"
462,0.922,-0.287,32.80076794015264,"[0, -3, 0, -1, 0, 1, 2, -1, -4, 4]","[-4, 0, -2, 0, 3, -4, 3, 0, 1, -1]"
463,1.622,-2.359,24.36839402981035,"[-1, 0, 2, 5, -1, 0, -1, 0, 3, 1]","[-1, -2, -1, 2, -5, 1, -1, 2, -4, 2]"
464,0.763,-0.0,20.18285614643686,"[5, 4, 0, -5, -2, -4, -4, 0, 0, -5]","[0, 1, 1, 1, 3, 1, 1, -2, 4, -3]"
465,3.689,1.951,-6.939964458734325,"[-1, -4, 1, 0, 1, 1, 0, 0, -4, 2]","[5, 2, 1, -2, 2, 2, 1, 2, 1, 2]"
466,3.921,1.58,-16.302749313475594,"[-4, 4, -3, 3, -1, 4, 4, 1, 3, -2]","[0, -1, -1, -3, -1, -1, -1, -1, -5, 0]"
467,4.739,0.042,31.722076114044366,"[1, -1, 4, -1, 5, 0, 0, 0, -3, 0]","[-2, -1, 1, 5, -2, 0, -1, 0, 3, -4]"
468,5.364,-0.117,12.82552587242016,"[1, -3, -1, -2, -2, -5, 1, 1, 3, 3]","[-2, -2, 1, -2, 1, -1, 2, -3, 2, 0]"
469,-0.157,-1.362,13.582464618016044,"[2, 3, 2, 5, 1, 2, -4, 1, 1, -1]","[0, 2, 0, 1, -3, -3, -2, 2, -4, 2]"
470,-1.758,-2.363,17.11919529828027,"[-3, 1, -5, -3, -4, 3, 3, 0, -3, 3]","[4, 2, -2, 1, 2, 5, 0, -3, 3, -1]"
471,-1.214,-1.609,-21.723264256923162,"[3, 0, 4, -1, 4, -2, -4, -5, 4, -3]","[0, -3, 1, -3, 0, -5, -2, 3, 1, 3]"
472,0.734,-0.126,1.920076625484735,"[-1, -4, -4, 1, -3, -1, 0, 0, -1, 2]","[-5, -1, 1, 0, -1, 1, 0, 0, -3, -1]"
473,2.55,1.491,-17.401631878454797,"[1, 1, 5, 2, 3, 0, 3, 2, -1, 1]","[0, 2, -2, 3, 4, -1, 2, 0, 0, -1]"
474,0.032,1.326,-10.229717069357529,"[-3, -1, 0, 1, -2, 2, -3, 0, -3, -1]","[5, -3, -1, -1, -3, 4, 2, -3, 1, -1]"
475,-4.565,1.041,-7.726749258809197,"[3, 0, 0, 0, -1, 1, 4, 1, 1, 1]","[-3, 4, 2, -2, 0, 1, -5, 5, 2, -1]"
476,-5.185,1.662,-40.32852819193384,"[-1, 2, -5, -4, 0, -1, -4, -1, 4, -2]","[-2, -3, 1, -2, 1, -5, 0, -4, 0, 2]"
477,-0.965,-8.032,16.83827991681869,"[-1, 2, 2, -1, 4, -4, 2, -1, -1, -1]","[0, 0, -3, 2, -1, 3, 5, 2, -3, 0]"
478,2.234,-0.083,27.57769636120745,"[0, -4, 3, 2, -3, 1, -1, 3, 1, 0]","[5, 1, 1, -2, 3, -1, -4, 0, 1, -2]"
479,-0.147,-3.534,37.21455535827073,"[-2, 1, -3, 2, 2, 2, 0, -1, -3, 1]","[-3, 0, -2, 0, -1, -1, 4, 2, -3, 5]"
480,-0.673,-3.822,-126.76046961359575,"[3, 0, -1, -4, 0, 2, 4, -2, 2, -3]","[0, 1, 4, 3, -3, -1, 0, -2, 1, -4]"
481,-2.194,0.484,-60.99256301294734,"[-3, 1, 0, 1, -2, -4, -5, 4, -2, 5]","[2, 1, 1, 0, -1, 1, -2, 0, 0, 2]"
482,-3.968,0.834,-1.742260622418657,"[0, -3, 4, 2, 3, 1, 0, -3, 1, -2]","[-2, 0, 0, -2, 0, 4, -2, 1, -1, 0]"
483,-3.302,2.762,-11.154228583982153,"[2, 1, -5, -3, 0, -1, 2, 2, -2, -1]","[3, -1, 0, 0, 5, -4, 0, 0, 1, -2]"
484,-1.297,0.792,23.671407205658316,"[-2, 2, 3, 1, -5, 0, 1, -3, 1, 1]","[-1, -1, -1, 3, 0, 1, 1, 1, 2, 4]"
485,-1.989,7.624,-14.908965135360845,"[0, 2, 2, 2, 3, 2, -3, -1, 2, 0]","[0, -2, -4, 0, -4, 3, 3, -2, -3, -5]"
486,-6.693,-2.947,-40.56044930420805,"[5, -4, -3, 2, 2, 1, 1, 0, -4, 0]","[-2, 1, 1, -1, 1, -2, -1, 2, 3, 4]"
487,-0.511,-7.582,-16.01273720425592,"[-4, 3, -2, -4, -4, 0, 4, 4, 0, 0]","[-2, -1, 4, -1, -2, 1, -4, 0, 1, 1]"
488,-0.759,-8.264,35.32815744163784,"[-1, 0, 4, 2, 2, -2, -2, -3, 0, 0]","[1, 5, -3, 3, 2, -3, 5, -5, -3, -4]"
489,-0.236,-1.08,-7.247836054942017,"[4, 0, -4, -2, -1, 1, -2, -1, 5, -3]","[3, -3, -1, 0, 3, 4, -2, 2, 2, 2]"
490,-1.997,-1.372,-18.673220317488074,"[1, -3, 4, 4, -2, 1, 3, 3, 0, 4]","[-3, 3, 4, -1, 0, -1, -1, 0, -1, -3]"
491,1.374,-1.357,17.708559502523812,"[-3, 1, 1, 0, 5, -3, -2, 2, -5, -2]","[-1, -2, -5, 0, -3, 1, 2, 0, -1, 3]"
492,5.086,-1.766,-35.213677008076615,"[2, 2, -5, -3, -2, 0, -1, -4, 3, 3]","[1, 1, 5, -4, 2, -5, 0, 2, 0, -3]"
493,6.246,10.16,-4.9849512544066386,"[-2, -3, 5, 2, 1, 0, 1, 0, -1, -5]","[1, 0, -1, 3, -2, 1, 1, -3, 0, 4]"
494,3.929,10.269,40.399741231825054,"[2, 4, -1, 0, -1, 0, -2, 4, -2, 5]","[1, 1, -1, -3, -2, 4, -1, 0, 0, 0]"
495,5.495,12.02,19.37689924334941,"[-1, -2, -4, -2, 0, 3, 1, -2, 3, 0]","[-1, -5, -2, 1, 5, -3, 1, 4, 2, -1]"
496,0.495,-0.917,42.15518793593072,"[2, -2, 5, 0, 0, -4, 0, 1, -1, -2]","[-2, 3, 4, 3, -4, -2, -2, -5, 1, -3]"
497,2.723,-1.685,5.718404996254305,"[-2, -1, -5, -2, -2, 2, 1, 1, -2, 0]","[4, -1, 0, 0, 0, 5, -2, 3, -2, 1]"
498,1.393,-5.1,-9.649068206300788,"[-1, 2, 4, 4, 2, 1, 0, -5, 1, 2]","[-3, 3, -1, 1, 0, -3, -1, 1, 0, 0]"
499,1.082,-2.16,-49.32489955680198,"[2, 3, -1, 0, -1, -2, -2, 4, 3, -5]","[-1, -5, -3, -1, 4, -1, 0, 1, 3, 1]"
